agent_id,origin_node,destination_node,link_sequence
0,1,5,1 2 5
1,1,5,3 4
2,1,5,3 4
3,1,5,3 4
4,1,5,3 4
5,1,5,3 4
6,1,5,1 2 5
7,1,5,3 4
8,1,5,1 2 5
9,1,5,3 4
10,1,5,3 4
11,1,5,3 4
12,1,5,3 4
13,1,5,1 2 5
14,1,5,1 2 5
15,1,5,3 4
16,1,5,1 2 5
17,1,5,3 4
18,1,5,1 2 5
19,1,5,3 4
20,1,5,3 4
21,1,5,3 4
22,1,5,1 2 5
23,1,5,3 4
24,1,5,1 2 5
25,1,5,3 4
26,1,5,1 2 5
27,1,5,3 4
28,1,5,3 4
29,1,5,3 4
30,1,5,3 4
31,1,5,1 2 5
32,1,5,3 4
33,1,5,3 4
34,1,5,3 4
35,1,5,1 2 5
36,1,5,3 4
37,1,5,3 4
38,1,5,3 4
39,1,5,3 4
40,1,5,3 4
41,1,5,1 2 5
42,1,5,3 4
43,1,5,3 4
44,1,5,1 2 5
45,1,5,3 4
46,1,5,3 4
47,1,5,3 4
48,1,5,3 4
49,1,5,1 2 5
50,1,5,3 4
51,1,5,1 2 5
52,1,5,3 4
53,1,5,3 4
54,1,5,3 4
55,1,5,1 2 5
56,1,5,3 4
57,1,5,3 4
58,1,5,1 2 5
59,1,5,1 2 5
60,1,5,1 2 5
61,1,5,3 4
62,1,5,3 4
63,1,5,3 4
64,1,5,3 4
65,1,5,3 4
66,1,5,1 2 5
67,1,5,3 4
68,1,5,3 4
69,1,5,1 2 5
70,1,5,3 4
71,1,5,1 2 5
72,1,5,3 4
73,1,5,3 4
74,1,5,1 2 5
75,1,5,3 4
76,1,5,3 4
77,1,5,1 2 5
78,1,5,3 4
79,1,5,3 4
80,1,5,3 4
81,1,5,1 2 5
82,1,5,3 4
83,1,5,1 2 5
84,1,5,1 2 5
85,1,5,1 2 5
86,1,5,1 2 5
87,1,5,3 4
88,1,5,3 4
89,1,5,1 2 5
90,1,5,3 4
91,1,5,3 4
92,1,5,3 4
93,1,5,3 4
94,1,5,1 2 5
95,1,5,3 4
96,1,5,3 4
97,1,5,3 4
98,1,5,3 4
99,1,5,3 4
100,1,5,3 4
101,1,5,3 4
102,1,5,3 4
103,1,5,3 4
104,1,5,3 4
105,1,5,1 2 5
106,1,5,1 2 5
107,1,5,1 2 5
108,1,5,1 2 5
109,1,5,1 2 5
110,1,5,3 4
111,1,5,1 2 5
112,1,5,1 2 5
113,1,5,1 2 5
114,1,5,3 4
115,1,5,3 4
116,1,5,3 4
117,1,5,3 4
118,1,5,1 2 5
119,1,5,3 4
120,1,5,3 4
121,1,5,1 2 5
122,1,5,1 2 5
123,1,5,3 4
124,1,5,3 4
125,1,5,1 2 5
126,1,5,3 4
127,1,5,3 4
128,1,5,1 2 5
129,1,5,3 4
130,1,5,3 4
131,1,5,3 4
132,1,5,1 2 5
133,1,5,3 4
134,1,5,1 2 5
135,1,5,3 4
136,1,5,1 2 5
137,1,5,1 2 5
138,1,5,3 4
139,1,5,3 4
140,1,5,3 4
141,1,5,1 2 5
142,1,5,3 4
143,1,5,3 4
144,1,5,3 4
145,1,5,3 4
146,1,5,3 4
147,1,5,3 4
148,1,5,1 2 5
149,1,5,3 4
150,1,5,1 2 5
151,1,5,3 4
152,1,5,3 4
153,1,5,3 4
154,1,5,1 2 5
155,1,5,3 4
156,1,5,1 2 5
157,1,5,1 2 5
158,1,5,3 4
159,1,5,3 4
160,1,5,3 4
161,1,5,3 4
162,1,5,3 4
163,1,5,1 2 5
164,1,5,1 2 5
165,1,5,3 4
166,1,5,3 4
167,1,5,1 2 5
168,1,5,3 4
169,1,5,3 4
170,1,5,3 4
171,1,5,3 4
172,1,5,3 4
173,1,5,3 4
174,1,5,3 4
175,1,5,1 2 5
176,1,5,3 4
177,1,5,1 2 5
178,1,5,3 4
179,1,5,3 4
180,1,5,3 4
181,1,5,1 2 5
182,1,5,3 4
183,1,5,3 4
184,1,5,3 4
185,1,5,1 2 5
186,1,5,3 4
187,1,5,3 4
188,1,5,3 4
189,1,5,1 2 5
190,1,5,3 4
191,1,5,1 2 5
192,1,5,1 2 5
193,1,5,3 4
194,1,5,3 4
195,1,5,1 2 5
196,1,5,3 4
197,1,5,3 4
198,1,5,1 2 5
199,1,5,3 4
200,1,6,3 6
201,1,6,3 6
202,1,6,1 2 7
203,1,6,1 2 7
204,1,6,1 2 7
205,1,6,3 6
206,1,6,3 6
207,1,6,3 6
208,1,6,3 6
209,1,6,3 6
210,1,6,3 6
211,1,6,1 2 7
212,1,6,1 2 7
213,1,6,1 2 7
214,1,6,3 6
215,1,6,3 6
216,1,6,3 6
217,1,6,1 2 7
218,1,6,3 6
219,1,6,1 2 7
220,1,6,3 6
221,1,6,3 6
222,1,6,1 2 7
223,1,6,1 2 7
224,1,6,1 2 7
225,1,6,3 6
226,1,6,1 2 7
227,1,6,1 2 7
228,1,6,3 6
229,1,6,3 6
230,1,6,1 2 7
231,1,6,1 2 7
232,1,6,3 6
233,1,6,3 6
234,1,6,3 6
235,1,6,1 2 7
236,1,6,3 6
237,1,6,3 6
238,1,6,3 6
239,1,6,3 6
240,1,6,3 6
241,1,6,1 2 7
242,1,6,3 6
243,1,6,1 2 7
244,1,6,3 6
245,1,6,1 2 7
246,1,6,1 2 7
247,1,6,1 2 7
248,1,6,3 6
249,1,6,3 6
250,1,6,3 6
251,1,6,3 6
252,1,6,3 6
253,1,6,3 6
254,1,6,1 2 7
255,1,6,1 2 7
256,1,6,3 6
257,1,6,3 6
258,1,6,3 6
259,1,6,3 6
260,1,6,1 2 7
261,1,6,1 2 7
262,1,6,3 6
263,1,6,3 6
264,1,6,3 6
265,1,6,3 6
266,1,6,3 6
267,1,6,3 6
268,1,6,3 6
269,1,6,1 2 7
270,1,6,3 6
271,1,6,1 2 7
272,1,6,3 6
273,1,6,1 2 7
274,1,6,3 6
275,1,6,3 6
276,1,6,3 6
277,1,6,3 6
278,1,6,3 6
279,1,6,3 6
280,1,6,1 2 7
281,1,6,3 6
282,1,6,3 6
283,1,6,1 2 7
284,1,6,1 2 7
285,1,6,3 6
286,1,6,3 6
287,1,6,3 6
288,1,6,3 6
289,1,6,3 6
290,1,6,1 2 7
291,1,6,3 6
292,1,6,3 6
293,1,6,3 6
294,1,6,3 6
295,1,6,3 6
296,1,6,3 6
297,1,6,3 6
298,1,6,1 2 7
299,1,6,1 2 7
300,1,6,1 2 7
301,1,6,1 2 7
302,1,6,1 2 7
303,1,6,3 6
304,1,6,3 6
305,1,6,3 6
306,1,6,3 6
307,1,6,1 2 7
308,1,6,3 6
309,1,6,1 2 7
310,1,6,3 6
311,1,6,1 2 7
312,1,6,3 6
313,1,6,1 2 7
314,1,6,3 6
315,1,6,3 6
316,1,6,3 6
317,1,6,3 6
318,1,6,1 2 7
319,1,6,1 2 7
320,1,6,3 6
321,1,6,1 2 7
322,1,6,1 2 7
323,1,6,1 2 7
324,1,6,3 6
325,1,6,3 6
326,1,6,3 6
327,1,6,3 6
328,1,6,1 2 7
329,1,6,1 2 7
330,1,6,3 6
331,1,6,1 2 7
332,1,6,3 6
333,1,6,3 6
334,1,6,3 6
335,1,6,3 6
336,1,6,3 6
337,1,6,3 6
338,1,6,3 6
339,1,6,3 6
340,1,6,3 6
341,1,6,1 2 7
342,1,6,1 2 7
343,1,6,3 6
344,1,6,1 2 7
345,1,6,1 2 7
346,1,6,3 6
347,1,6,1 2 7
348,1,6,1 2 7
349,1,6,1 2 7
350,1,6,1 2 7
351,1,6,3 6
352,1,6,1 2 7
353,1,6,1 2 7
354,1,6,1 2 7
355,1,6,1 2 7
356,1,6,3 6
357,1,6,3 6
358,1,6,3 6
359,1,6,3 6
360,1,6,3 6
361,1,6,1 2 7
362,1,6,1 2 7
363,1,6,3 6
364,1,6,1 2 7
365,1,6,3 6
366,1,6,1 2 7
367,1,6,1 2 7
368,1,6,1 2 7
369,1,6,1 2 7
370,1,6,3 6
371,1,6,3 6
372,1,6,1 2 7
373,1,6,3 6
374,1,6,1 2 7
375,1,6,3 6
376,1,6,3 6
377,1,6,3 6
378,1,6,3 6
379,1,6,1 2 7
380,1,6,3 6
381,1,6,3 6
382,1,6,3 6
383,1,6,3 6
384,1,6,3 6
385,1,6,1 2 7
386,1,6,1 2 7
387,1,6,3 6
388,1,6,1 2 7
389,1,6,3 6
390,1,6,1 2 7
391,1,6,1 2 7
392,1,6,3 6
393,1,6,3 6
394,1,6,3 6
395,1,6,1 2 7
396,1,6,3 6
397,1,6,3 6
398,1,6,3 6
399,1,6,1 2 7
